id,created_at,expiry_date,user_uid,channel_id,timestamp,event_id
6126,"2023-08-02 13:57:21.196732+00","2023-11-04 17:00:00+00",U01LR5KNQ5S,D03TJH1AAV6,1690984636.810639,132
6127,"2023-08-02 13:57:21.196732+00","2023-11-04 17:00:00+00",U01UNRPG31R,D03T7F1QG57,1690984636.833069,132
6128,"2023-08-02 13:57:21.196732+00","2023-11-04 17:00:00+00",U03GGQ7KGRH,D03TJH1C4HW,1690984636.868779,132
4240,"2023-05-15 16:41:50.076709+00","2023-09-16 18:00:00+00",U03K7CRVCEM,D03TJH1CHPS,1684168906.662589,98
6130,"2023-08-02 13:57:21.196732+00","2023-11-04 17:00:00+00",U03K7CRVCEM,D03TJH1CHPS,1690984636.972349,132
3999,"2023-04-18 01:25:10.566813+00","2023-10-14 18:15:00+00",U03H6HYUN00,D03TJH1CBJL,1681781107.630669,94
4001,"2023-04-18 01:25:10.566813+00","2023-10-14 18:15:00+00",U01LYCVDWF3,D03SX9FLU12,1681781107.684969,94
4002,"2023-04-18 01:25:10.566813+00","2023-10-14 18:15:00+00",U03K7CRVCEM,D03TJH1CHPS,1681781107.751439,94
6133,"2023-08-02 13:57:21.196732+00","2023-11-04 17:00:00+00",U03FYDDFPFV,D03SN7SC7AA,1690984637.151869,132
4243,"2023-05-15 16:41:50.076709+00","2023-09-16 18:00:00+00",U01LJTR8EBC,D03SURTMPUJ,1684168906.793499,98
6135,"2023-08-02 13:57:21.196732+00","2023-11-04 17:00:00+00",U05780K2UMN,D057RLRE4P7,1690984637.149529,132
4007,"2023-04-18 01:25:10.566813+00","2023-10-14 18:15:00+00",U03GGQ7KGRH,D03TJH1C4HW,1681781108.007349,94
4008,"2023-04-18 01:25:10.566813+00","2023-10-14 18:15:00+00",U01UNRPG31R,D03T7F1QG57,1681781108.010549,94
4244,"2023-05-15 16:41:50.076709+00","2023-09-16 18:00:00+00",U03H6HYUN00,D03TJH1CBJL,1684168906.802529,98
4010,"2023-04-18 01:25:10.566813+00","2023-10-14 18:15:00+00",U01LJTR8EBC,D03SURTMPUJ,1681781108.124069,94
4246,"2023-05-15 16:41:50.076709+00","2023-09-16 18:00:00+00",U05780K2UMN,D057RLRE4P7,1684168906.938549,98
4012,"2023-04-18 01:25:10.566813+00","2023-10-14 18:15:00+00",U03GVDXF7U1,D03SE8U159V,1681781108.206109,94
6140,"2023-08-02 13:57:21.196732+00","2023-11-04 17:00:00+00",U05ALA9V5PD,D05BHKWHJ8K,1690984637.496059,132
4013,"2023-04-18 01:25:10.566813+00","2023-10-14 18:15:00+00",U03HGEN0E3S,D03SE8U1E79,1681781108.265629,94
4014,"2023-04-18 01:25:10.566813+00","2023-10-14 18:15:00+00",U02RMDLFZDH,D03TJH1BQ80,1681781108.293909,94
4249,"2023-05-15 16:41:50.076709+00","2023-09-16 18:00:00+00",U01UNRPG31R,D03T7F1QG57,1684168907.065889,98
4250,"2023-05-15 16:41:50.076709+00","2023-09-16 18:00:00+00",U01LYCVDWF3,D03SX9FLU12,1684168907.130299,98
6141,"2023-08-02 13:57:21.196732+00","2023-11-04 17:00:00+00",U01LYCVDWF3,D03SX9FLU12,1690984637.495529,132
4251,"2023-05-15 16:41:50.076709+00","2023-09-16 18:00:00+00",U056Y9F1Q93,D057RLRELJH,1684168907.207859,98
6142,"2023-08-02 13:57:21.196732+00","2023-11-04 17:00:00+00",U03ALC2DFLJ,D03SE8U0STZ,1690984637.626809,132
4254,"2023-05-15 16:41:50.076709+00","2023-09-16 18:00:00+00",U0496DYQU48,D049R405GRK,1684168907.365759,98
4017,"2023-04-18 01:25:10.566813+00","2023-10-14 18:15:00+00",U03AWH4SEUE,D03T7F1QVCZ,1681781108.418389,94
6146,"2023-08-02 13:57:21.196732+00","2023-11-04 17:00:00+00",U03H6HYUN00,D03TJH1CBJL,1690984637.789659,132
4018,"2023-04-18 01:25:10.566813+00","2023-10-14 18:15:00+00",U01SMF7VDB5,D03T7F1PN81,1681781108.460399,94
4019,"2023-04-18 01:25:10.566813+00","2023-10-14 18:15:00+00",U01UNRPFUTV,D03TJH1BGFJ,1681781108.513739,94
4020,"2023-04-18 01:25:10.566813+00","2023-10-14 18:15:00+00",U01UKH79NMT,D03SN7SBHGE,1681781108.576529,94
4022,"2023-04-18 01:25:10.566813+00","2023-10-14 18:15:00+00",U01SJ6NKWDB,D03SE8TUSMD,1681781108.682989,94
4023,"2023-04-18 01:25:10.566813+00","2023-10-14 18:15:00+00",U01SZT32DRP,D03SE8TV2P9,1681781108.722309,94
4024,"2023-04-18 01:25:10.566813+00","2023-10-14 18:15:00+00",U043H63UHMK,D044V6B454Y,1681781108.820819,94
6148,"2023-08-02 13:57:21.196732+00","2023-11-04 17:00:00+00",U05DC12FZQD,D05FQ1J7DQS,1690984637.916629,132
6149,"2023-08-02 13:57:21.196732+00","2023-11-04 17:00:00+00",U05G05YFG3G,D05LB6PGC49,1690984637.949869,132
4026,"2023-04-18 01:25:10.566813+00","2023-10-14 18:15:00+00",U03HGEML2BS,D03SURTPZQA,1681781108.950149,94
6151,"2023-08-02 13:57:21.196732+00","2023-11-04 17:00:00+00",U05CE30GYKV,D05G2L1KP9P,1690984638.013909,132
4259,"2023-05-15 16:41:50.076709+00","2023-09-16 18:00:00+00",U03GGQ7KGRH,D03TJH1C4HW,1684168907.608459,98
6152,"2023-08-02 13:57:21.196732+00","2023-11-04 17:00:00+00",U01SZT32XRP,D03SUP13AAX,1690984638.116769,132
6154,"2023-08-02 13:57:21.196732+00","2023-11-04 17:00:00+00",U03LJHYF2DT,D03SUP15343,1690984638.172379,132
4028,"2023-04-18 01:25:10.566813+00","2023-10-14 18:15:00+00",U03LWEFU48J,D03TJH1CMJ4,1681781109.031829,94
6155,"2023-08-02 13:57:21.196732+00","2023-11-04 17:00:00+00",U03GVDXF7U1,D03SE8U159V,1690984638.234819,132
4030,"2023-04-18 01:25:10.566813+00","2023-10-14 18:15:00+00",U01SZT32XRP,D03SUP13AAX,1681781109.141359,94
6157,"2023-08-02 13:57:21.196732+00","2023-11-04 17:00:00+00",U03HGEN0E3S,D03SE8U1E79,1690984638.354289,132
6158,"2023-08-02 13:57:21.196732+00","2023-11-04 17:00:00+00",U05GD3E1J5R,D05KRTLS006,1690984638.373629,132
6160,"2023-08-02 13:57:21.196732+00","2023-11-04 17:00:00+00",U01SZT324NM,D03SE8TV2QP,1690984638.471239,132
6161,"2023-08-02 13:57:21.196732+00","2023-11-04 17:00:00+00",U04KS6BVCQJ,D04N77Z9K4L,1690984638.544989,132
6162,"2023-08-02 13:57:21.196732+00","2023-11-04 17:00:00+00",U03HGEML2BS,D03SURTPZQA,1690984638.564149,132
4261,"2023-05-15 16:41:50.076709+00","2023-09-16 18:00:00+00",U04N4L42D99,D04NHCZ8EC9,1684168907.700449,98
6166,"2023-08-02 13:57:21.196732+00","2023-11-04 17:00:00+00",U034D39URDY,D03T7F1QS1F,1690984638.721089,132
4035,"2023-04-18 01:25:10.566813+00","2023-10-14 18:15:00+00",U03GGQ7P6E7,D03T7F1R4V7,1681781109.359039,94
4036,"2023-04-18 01:25:10.566813+00","2023-10-14 18:15:00+00",U01UKH7AKLM,D03SRT5HEE9,1681781109.458179,94
4037,"2023-04-18 01:25:10.566813+00","2023-10-14 18:15:00+00",U03H6HZ2X96,D03SN7SCHB8,1681781109.469769,94
4038,"2023-04-18 01:25:10.566813+00","2023-10-14 18:15:00+00",U01TUCWJ60Y,D03SX9FMN5S,1681781109.590839,94
6168,"2023-08-02 13:57:21.196732+00","2023-11-04 17:00:00+00",U01SMF7VDB5,D03T7F1PN81,1690984638.857099,132
4040,"2023-04-18 01:25:10.566813+00","2023-10-14 18:15:00+00",U020KPELER3,D03SUP140LT,1681781109.536979,94
4041,"2023-04-18 01:25:10.566813+00","2023-10-14 18:15:00+00",U01SZT33HJM,D03S8JZQTFZ,1681781109.719799,94
4042,"2023-04-18 01:25:10.566813+00","2023-10-14 18:15:00+00",U03RWMNBX5E,D03SX9FP2JY,1681781109.739519,94
4043,"2023-04-18 01:25:10.566813+00","2023-10-14 18:15:00+00",U01UNRPFJMR,D03SURTNY2W,1681781109.741979,94
6169,"2023-08-02 13:57:21.196732+00","2023-11-04 17:00:00+00",U03AWH4SEUE,D03T7F1QVCZ,1690984638.887469,132
6170,"2023-08-02 13:57:21.196732+00","2023-11-04 17:00:00+00",U03H6HYRY0G,D03T7F1RAQ1,1690984638.991549,132
6171,"2023-08-02 13:57:21.196732+00","2023-11-04 17:00:00+00",U043H63UHMK,D044V6B454Y,1690984638.992239,132
4044,"2023-04-18 01:25:10.566813+00","2023-10-14 18:15:00+00",U01KYRUSB0U,D03SX9FLH9S,1681781109.845499,94
6172,"2023-08-02 13:57:21.196732+00","2023-11-04 17:00:00+00",U058P17R890,D05948664PR,1690984639.029409,132
4045,"2023-04-18 01:25:10.566813+00","2023-10-14 18:15:00+00",U01SM91870S,D03TJH1ALC8,1681781109.859299,94
4046,"2023-04-18 01:25:10.566813+00","2023-10-14 18:15:00+00",U01SZT338G1,D03TJH1AX16,1681781109.867419,94
4047,"2023-04-18 01:25:10.566813+00","2023-10-14 18:15:00+00",U01TE4MD5QC,D03SE8U03SB,1681781109.981639,94
4048,"2023-04-18 01:25:10.566813+00","2023-10-14 18:15:00+00",U03SRGCA30U,D03SRKESBQC,1681781109.985499,94
4049,"2023-04-18 01:25:10.566813+00","2023-10-14 18:15:00+00",U01SM919SEN,D03SN7SARTQ,1681781110.019239,94
6173,"2023-08-02 13:57:21.196732+00","2023-11-04 17:00:00+00",U01UNRPFUTV,D03TJH1BGFJ,1690984639.183709,132
4050,"2023-04-18 01:25:10.566813+00","2023-10-14 18:15:00+00",U01SZT342Q1,D03TJH1B1CY,1681781110.088659,94
4051,"2023-04-18 01:25:10.566813+00","2023-10-14 18:15:00+00",U023QL11B2T,D03SUP1421Z,1681781110.158959,94
4052,"2023-04-18 01:25:10.566813+00","2023-10-14 18:15:00+00",U04A0H4BJ6M,D04AHNZQAKA,1681781110.191229,94
4053,"2023-04-18 01:25:10.566813+00","2023-10-14 18:15:00+00",U034C9FQW9Y,D03SURTP9GA,1681781110.229449,94
6174,"2023-08-02 13:57:21.196732+00","2023-11-04 17:00:00+00",U02RMDLFZDH,D03TJH1BQ80,1690984639.209759,132
6175,"2023-08-02 13:57:21.196732+00","2023-11-04 17:00:00+00",U04N4L42D99,D04NHCZ8EC9,1690984639.245069,132
6176,"2023-08-02 13:57:21.196732+00","2023-11-04 17:00:00+00",U01SJ6NKWDB,D03SE8TUSMD,1690984639.342749,132
6177,"2023-08-02 13:57:21.196732+00","2023-11-04 17:00:00+00",U01SZT32DRP,D03SE8TV2P9,1690984639.352829,132
6178,"2023-08-02 13:57:21.196732+00","2023-11-04 17:00:00+00",U01UKH79NMT,D03SN7SBHGE,1690984639.440839,132
4263,"2023-05-15 16:41:50.076709+00","2023-09-16 18:00:00+00",U02RMDLFZDH,D03TJH1BQ80,1684168907.835819,98
6179,"2023-08-02 13:57:21.196732+00","2023-11-04 17:00:00+00",U03H6HZ2X96,D03SN7SCHB8,1690984639.464219,132
4264,"2023-05-15 16:41:50.076709+00","2023-09-16 18:00:00+00",U03GVDXF7U1,D03SE8U159V,1684168907.833419,98
4265,"2023-05-15 16:41:50.076709+00","2023-09-16 18:00:00+00",U03HGEML2BS,D03SURTPZQA,1684168907.883389,98
6180,"2023-08-02 13:57:21.196732+00","2023-11-04 17:00:00+00",U03GGQ7P6E7,D03T7F1R4V7,1690984639.486829,132
6181,"2023-08-02 13:57:21.196732+00","2023-11-04 17:00:00+00",U01UNRPFJMR,D03SURTNY2W,1690984639.611989,132
6182,"2023-08-02 13:57:21.196732+00","2023-11-04 17:00:00+00",U03LWEFU48J,D03TJH1CMJ4,1690984639.692889,132
4267,"2023-05-15 16:41:50.076709+00","2023-09-16 18:00:00+00",U03HGEN0E3S,D03SE8U1E79,1684168907.964319,98
4268,"2023-05-15 16:41:50.076709+00","2023-09-16 18:00:00+00",U01SZT32XRP,D03SUP13AAX,1684168908.127959,98
4269,"2023-05-15 16:41:50.076709+00","2023-09-16 18:00:00+00",U03LJHYF2DT,D03SUP15343,1684168908.130929,98
6183,"2023-08-02 13:57:21.196732+00","2023-11-04 17:00:00+00",U01UKH7AKLM,D03SRT5HEE9,1690984639.710609,132
6184,"2023-08-02 13:57:21.196732+00","2023-11-04 17:00:00+00",U020KPELER3,D03SUP140LT,1690984639.763309,132
4272,"2023-05-15 16:41:50.076709+00","2023-09-16 18:00:00+00",U04KS6BVCQJ,D04N77Z9K4L,1684168908.305709,98
4273,"2023-05-15 16:41:50.076709+00","2023-09-16 18:00:00+00",U03H6HYRY0G,D03T7F1RAQ1,1684168908.292209,98
6185,"2023-08-02 13:57:21.196732+00","2023-11-04 17:00:00+00",U01SZT338G1,D03TJH1AX16,1690984639.812079,132
4275,"2023-05-15 16:41:50.076709+00","2023-09-16 18:00:00+00",U03AWH4SEUE,D03T7F1QVCZ,1684168908.445499,98
4276,"2023-05-15 16:41:50.076709+00","2023-09-16 18:00:00+00",U01SMF7VDB5,D03T7F1PN81,1684168908.449659,98
4277,"2023-05-15 16:41:50.076709+00","2023-09-16 18:00:00+00",U01UNRPFUTV,D03TJH1BGFJ,1684168908.530299,98
4278,"2023-05-15 16:41:50.076709+00","2023-09-16 18:00:00+00",U01UKH79NMT,D03SN7SBHGE,1684168908.576359,98
4279,"2023-05-15 16:41:50.076709+00","2023-09-16 18:00:00+00",U01SJ6NKWDB,D03SE8TUSMD,1684168908.636349,98
4280,"2023-05-15 16:41:50.076709+00","2023-09-16 18:00:00+00",U01SZT32DRP,D03SE8TV2P9,1684168908.598999,98
4281,"2023-05-15 16:41:50.076709+00","2023-09-16 18:00:00+00",U03LWEFU48J,D03TJH1CMJ4,1684168908.709839,98
4282,"2023-05-15 16:41:50.076709+00","2023-09-16 18:00:00+00",U03GGQ7P6E7,D03T7F1R4V7,1684168908.765479,98
4283,"2023-05-15 16:41:50.076709+00","2023-09-16 18:00:00+00",U03H6HZ2X96,D03SN7SCHB8,1684168908.789869,98
4284,"2023-05-15 16:41:50.076709+00","2023-09-16 18:00:00+00",U01UKH7AKLM,D03SRT5HEE9,1684168908.882309,98
4285,"2023-05-15 16:41:50.076709+00","2023-09-16 18:00:00+00",U01UNRPFJMR,D03SURTNY2W,1684168908.920919,98
4286,"2023-05-15 16:41:50.076709+00","2023-09-16 18:00:00+00",U020KPELER3,D03SUP140LT,1684168908.935999,98
4287,"2023-05-15 16:41:50.076709+00","2023-09-16 18:00:00+00",U03RWMNBX5E,D03SX9FP2JY,1684168909.014799,98
4288,"2023-05-15 16:41:50.076709+00","2023-09-16 18:00:00+00",U01SM91870S,D03TJH1ALC8,1684168909.127509,98
4289,"2023-05-15 16:41:50.076709+00","2023-09-16 18:00:00+00",U01KYRUSB0U,D03SX9FLH9S,1684168909.068749,98
4290,"2023-05-15 16:41:50.076709+00","2023-09-16 18:00:00+00",U01SZT338G1,D03TJH1AX16,1684168909.136589,98
4291,"2023-05-15 16:41:50.076709+00","2023-09-16 18:00:00+00",U01SM919SEN,D03SN7SARTQ,1684168909.261959,98
4292,"2023-05-15 16:41:50.076709+00","2023-09-16 18:00:00+00",U01SZT342Q1,D03TJH1B1CY,1684168909.265209,98
4293,"2023-05-15 16:41:50.076709+00","2023-09-16 18:00:00+00",U03SRGCA30U,D03SRKESBQC,1684168909.289929,98
4294,"2023-05-15 16:41:50.076709+00","2023-09-16 18:00:00+00",U04A0H4BJ6M,D04AHNZQAKA,1684168909.378969,98
4295,"2023-05-15 16:41:50.076709+00","2023-09-16 18:00:00+00",U01TE4MD5QC,D03SE8U03SB,1684168909.435829,98
4296,"2023-05-15 16:41:50.076709+00","2023-09-16 18:00:00+00",U034C9FQW9Y,D03SURTP9GA,1684168909.439809,98
4297,"2023-05-15 16:41:50.076709+00","2023-09-16 18:00:00+00",U023QL11B2T,D03SUP1421Z,1684168909.513069,98
4298,"2023-05-15 16:41:50.076709+00","2023-09-16 18:00:00+00",U01SZT33HJM,D03S8JZQTFZ,1684168909.601369,98
6186,"2023-08-02 13:57:21.196732+00","2023-11-04 17:00:00+00",U01KYRUSB0U,D03SX9FLH9S,1690984639.875989,132
6187,"2023-08-02 13:57:21.196732+00","2023-11-04 17:00:00+00",U03RWMNBX5E,D03SX9FP2JY,1690984639.880979,132
4301,"2023-05-15 16:41:50.076709+00","2023-09-16 18:00:00+00",U01TUCWJ60Y,D03SX9FMN5S,1684168909.724899,98
6188,"2023-08-02 13:57:21.196732+00","2023-11-04 17:00:00+00",U01SM919SEN,D03SN7SARTQ,1690984639.977159,132
6189,"2023-08-02 13:57:21.196732+00","2023-11-04 17:00:00+00",U01SM91870S,D03TJH1ALC8,1690984640.153619,132
6190,"2023-08-02 13:57:21.196732+00","2023-11-04 17:00:00+00",U03SRGCA30U,D03SRKESBQC,1690984640.173059,132
6191,"2023-08-02 13:57:21.196732+00","2023-11-04 17:00:00+00",U01TE4MD5QC,D03SE8U03SB,1690984640.176539,132
6192,"2023-08-02 13:57:21.196732+00","2023-11-04 17:00:00+00",U034C9FQW9Y,D03SURTP9GA,1690984640.286389,132
6193,"2023-08-02 13:57:21.196732+00","2023-11-04 17:00:00+00",U023QL11B2T,D03SUP1421Z,1690984640.294019,132
6194,"2023-08-02 13:57:21.196732+00","2023-11-04 17:00:00+00",U059M5BKR1Q,D05A483PPHV,1690984640.400799,132
6195,"2023-08-02 13:57:21.196732+00","2023-11-04 17:00:00+00",U01SZT342Q1,D03TJH1B1CY,1690984640.338099,132
6196,"2023-08-02 13:57:21.196732+00","2023-11-04 17:00:00+00",U04A0H4BJ6M,D04AHNZQAKA,1690984640.450609,132
6198,"2023-08-02 13:57:21.196732+00","2023-11-04 17:00:00+00",U05DE7N4EE4,D05G2L1MEHX,1690984640.587359,132
6199,"2023-08-02 13:57:21.196732+00","2023-11-04 17:00:00+00",U01TUCWJ60Y,D03SX9FMN5S,1690984640.591579,132
6201,"2023-08-02 13:57:21.196732+00","2023-11-04 17:00:00+00",U05FFMX91DH,D05FPTCTMEF,1690984640.718339,132
6204,"2023-08-02 13:57:21.196732+00","2023-11-04 17:00:00+00",U01SJ6NNBQD,D03SUP12Z0T,1690984640.851239,132
6206,"2023-08-02 13:57:21.196732+00","2023-11-04 17:00:00+00",U01SZT34BCZ,D03SN7SB77G,1690984641.028319,132
6047,"2023-07-05 21:50:54.004179+00","2023-08-19 03:30:00+00",U01UNRPG31R,D03T7F1QG57,1688593850.118039,131
6049,"2023-07-05 21:50:54.004179+00","2023-08-19 03:30:00+00",U03GGQ7KGRH,D03TJH1C4HW,1688593850.193559,131
4061,"2023-04-18 01:28:04.381337+00","2023-10-07 18:00:00+00",U03H6HYUN00,D03TJH1CBJL,1681781281.637889,95
6052,"2023-07-05 21:50:54.004179+00","2023-08-19 03:30:00+00",U057DSH4GL9,D057UFB5LEP,1688593850.331239,131
4068,"2023-04-18 01:28:04.381337+00","2023-10-07 18:00:00+00",U01UNRPG31R,D03T7F1QG57,1681781281.997839,95
4069,"2023-04-18 01:28:04.381337+00","2023-10-07 18:00:00+00",U01LJTR8EBC,D03SURTMPUJ,1681781282.089849,95
4070,"2023-04-18 01:28:04.381337+00","2023-10-07 18:00:00+00",U03GGQ7KGRH,D03TJH1C4HW,1681781282.092169,95
4072,"2023-04-18 01:28:04.381337+00","2023-10-07 18:00:00+00",U02RMDLFZDH,D03TJH1BQ80,1681781282.202359,95
4073,"2023-04-18 01:28:04.381337+00","2023-10-07 18:00:00+00",U03GVDXF7U1,D03SE8U159V,1681781282.208039,95
4074,"2023-04-18 01:28:04.381337+00","2023-10-07 18:00:00+00",U03HGEN0E3S,D03SE8U1E79,1681781282.272299,95
4075,"2023-04-18 01:28:04.381337+00","2023-10-07 18:00:00+00",U01LYCVDWF3,D03SX9FLU12,1681781282.319649,95
4077,"2023-04-18 01:28:04.381337+00","2023-10-07 18:00:00+00",U01SMF7VDB5,D03T7F1PN81,1681781282.513909,95
4079,"2023-04-18 01:28:04.381337+00","2023-10-07 18:00:00+00",U03AWH4SEUE,D03T7F1QVCZ,1681781282.435429,95
4080,"2023-04-18 01:28:04.381337+00","2023-10-07 18:00:00+00",U01UNRPFUTV,D03TJH1BGFJ,1681781282.635699,95
4082,"2023-04-18 01:28:04.381337+00","2023-10-07 18:00:00+00",U01UKH79NMT,D03SN7SBHGE,1681781282.695879,95
4083,"2023-04-18 01:28:04.381337+00","2023-10-07 18:00:00+00",U01SJ6NKWDB,D03SE8TUSMD,1681781282.741089,95
4085,"2023-04-18 01:28:04.381337+00","2023-10-07 18:00:00+00",U01SZT32DRP,D03SE8TV2P9,1681781282.823039,95
4086,"2023-04-18 01:28:04.381337+00","2023-10-07 18:00:00+00",U043H63UHMK,D044V6B454Y,1681781282.872409,95
4087,"2023-04-18 01:28:04.381337+00","2023-10-07 18:00:00+00",U03HGEML2BS,D03SURTPZQA,1681781282.939929,95
6055,"2023-07-05 21:50:54.004179+00","2023-08-19 03:30:00+00",U03H6HYUN00,D03TJH1CBJL,1688593850.469639,131
4089,"2023-04-18 01:28:04.381337+00","2023-10-07 18:00:00+00",U03LWEFU48J,D03TJH1CMJ4,1681781282.997499,95
4091,"2023-04-18 01:28:04.381337+00","2023-10-07 18:00:00+00",U03H6HYRY0G,D03T7F1RAQ1,1681781283.121969,95
4092,"2023-04-18 01:28:04.381337+00","2023-10-07 18:00:00+00",U01SZT32XRP,D03SUP13AAX,1681781283.125429,95
4096,"2023-04-18 01:28:04.381337+00","2023-10-07 18:00:00+00",U03H6HZ2X96,D03SN7SCHB8,1681781283.374159,95
4097,"2023-04-18 01:28:04.381337+00","2023-10-07 18:00:00+00",U03GGQ7P6E7,D03T7F1R4V7,1681781283.379789,95
4098,"2023-04-18 01:28:04.381337+00","2023-10-07 18:00:00+00",U01UKH7AKLM,D03SRT5HEE9,1681781283.376629,95
4099,"2023-04-18 01:28:04.381337+00","2023-10-07 18:00:00+00",U020KPELER3,D03SUP140LT,1681781283.488299,95
4100,"2023-04-18 01:28:04.381337+00","2023-10-07 18:00:00+00",U01TUCWJ60Y,D03SX9FMN5S,1681781283.497849,95
4101,"2023-04-18 01:28:04.381337+00","2023-10-07 18:00:00+00",U01SZT33HJM,D03S8JZQTFZ,1681781283.549489,95
4102,"2023-04-18 01:28:04.381337+00","2023-10-07 18:00:00+00",U03RWMNBX5E,D03SX9FP2JY,1681781283.615389,95
4103,"2023-04-18 01:28:04.381337+00","2023-10-07 18:00:00+00",U01UNRPFJMR,D03SURTNY2W,1681781283.624039,95
4104,"2023-04-18 01:28:04.381337+00","2023-10-07 18:00:00+00",U01KYRUSB0U,D03SX9FLH9S,1681781283.695129,95
4105,"2023-04-18 01:28:04.381337+00","2023-10-07 18:00:00+00",U01SZT338G1,D03TJH1AX16,1681781283.725649,95
6058,"2023-07-05 21:50:54.004179+00","2023-08-19 03:30:00+00",U01LJTR8EBC,D03SURTMPUJ,1688593850.699949,131
4106,"2023-04-18 01:28:04.381337+00","2023-10-07 18:00:00+00",U01SM91870S,D03TJH1ALC8,1681781283.733589,95
4107,"2023-04-18 01:28:04.381337+00","2023-10-07 18:00:00+00",U01SM919SEN,D03SN7SARTQ,1681781283.831929,95
4108,"2023-04-18 01:28:04.381337+00","2023-10-07 18:00:00+00",U01SZT342Q1,D03TJH1B1CY,1681781283.841809,95
4109,"2023-04-18 01:28:04.381337+00","2023-10-07 18:00:00+00",U03SRGCA30U,D03SRKESBQC,1681781283.853679,95
4110,"2023-04-18 01:28:04.381337+00","2023-10-07 18:00:00+00",U023QL11B2T,D03SUP1421Z,1681781283.950349,95
4111,"2023-04-18 01:28:04.381337+00","2023-10-07 18:00:00+00",U04A0H4BJ6M,D04AHNZQAKA,1681781283.965379,95
4112,"2023-04-18 01:28:04.381337+00","2023-10-07 18:00:00+00",U01TE4MD5QC,D03SE8U03SB,1681781283.956749,95
4114,"2023-04-18 01:28:04.381337+00","2023-10-07 18:00:00+00",U034C9FQW9Y,D03SURTP9GA,1681781284.139049,95
4124,"2023-04-18 01:31:54.960904+00","2023-10-21 18:00:00+00",U01LYCVDWF3,D03SX9FLU12,1681781512.244329,96
4125,"2023-04-18 01:31:54.960904+00","2023-10-21 18:00:00+00",U03H6HYUN00,D03TJH1CBJL,1681781512.227239,96
4126,"2023-04-18 01:31:54.960904+00","2023-10-21 18:00:00+00",U03K7CRVCEM,D03TJH1CHPS,1681781512.361899,96
4130,"2023-04-18 01:31:54.960904+00","2023-10-21 18:00:00+00",U01UNRPG31R,D03T7F1QG57,1681781512.544129,96
4131,"2023-04-18 01:31:54.960904+00","2023-10-21 18:00:00+00",U03GGQ7KGRH,D03TJH1C4HW,1681781512.597539,96
4132,"2023-04-18 01:31:54.960904+00","2023-10-21 18:00:00+00",U01LJTR8EBC,D03SURTMPUJ,1681781512.619779,96
4134,"2023-04-18 01:31:54.960904+00","2023-10-21 18:00:00+00",U02RMDLFZDH,D03TJH1BQ80,1681781512.738159,96
4135,"2023-04-18 01:31:54.960904+00","2023-10-21 18:00:00+00",U03GVDXF7U1,D03SE8U159V,1681781512.761889,96
4136,"2023-04-18 01:31:54.960904+00","2023-10-21 18:00:00+00",U03HGEN0E3S,D03SE8U1E79,1681781512.849989,96
4138,"2023-04-18 01:31:54.960904+00","2023-10-21 18:00:00+00",U03G27M3VC7,D03SURTPLP4,1681781512.863509,96
4140,"2023-04-18 01:31:54.960904+00","2023-10-21 18:00:00+00",U01SMF7VDB5,D03T7F1PN81,1681781513.030509,96
4141,"2023-04-18 01:31:54.960904+00","2023-10-21 18:00:00+00",U03AWH4SEUE,D03T7F1QVCZ,1681781513.042289,96
4142,"2023-04-18 01:31:54.960904+00","2023-10-21 18:00:00+00",U01UNRPFUTV,D03TJH1BGFJ,1681781513.097449,96
4143,"2023-04-18 01:31:54.960904+00","2023-10-21 18:00:00+00",U01UKH79NMT,D03SN7SBHGE,1681781513.154109,96
4144,"2023-04-18 01:31:54.960904+00","2023-10-21 18:00:00+00",U01SJ6NKWDB,D03SE8TUSMD,1681781513.210499,96
4146,"2023-04-18 01:31:54.960904+00","2023-10-21 18:00:00+00",U01SZT32DRP,D03SE8TV2P9,1681781513.287199,96
6063,"2023-07-05 21:50:54.004179+00","2023-08-19 03:30:00+00",U01TE4ME25S,D03SURTNQ74,1688593850.956149,131
4149,"2023-04-18 01:31:54.960904+00","2023-10-21 18:00:00+00",U03LWEFU48J,D03TJH1CMJ4,1681781513.461709,96
4151,"2023-04-18 01:31:54.960904+00","2023-10-21 18:00:00+00",U01SZT32XRP,D03SUP13AAX,1681781513.581759,96
4152,"2023-04-18 01:31:54.960904+00","2023-10-21 18:00:00+00",U03HGEML2BS,D03SURTPZQA,1681781513.531759,96
4153,"2023-04-18 01:31:54.960904+00","2023-10-21 18:00:00+00",U03H6HYRY0G,D03T7F1RAQ1,1681781513.685849,96
4156,"2023-04-18 01:31:54.960904+00","2023-10-21 18:00:00+00",U03GGQ7P6E7,D03T7F1R4V7,1681781513.809679,96
4158,"2023-04-18 01:31:54.960904+00","2023-10-21 18:00:00+00",U01UKH7AKLM,D03SRT5HEE9,1681781513.924299,96
4159,"2023-04-18 01:31:54.960904+00","2023-10-21 18:00:00+00",U020KPELER3,D03SUP140LT,1681781513.935639,96
4160,"2023-04-18 01:31:54.960904+00","2023-10-21 18:00:00+00",U03H6HZ2X96,D03SN7SCHB8,1681781513.921359,96
4161,"2023-04-18 01:31:54.960904+00","2023-10-21 18:00:00+00",U01TUCWJ60Y,D03SX9FMN5S,1681781514.065509,96
4162,"2023-04-18 01:31:54.960904+00","2023-10-21 18:00:00+00",U01SZT33HJM,D03S8JZQTFZ,1681781514.070339,96
4163,"2023-04-18 01:31:54.960904+00","2023-10-21 18:00:00+00",U01UNRPFJMR,D03SURTNY2W,1681781514.113429,96
4164,"2023-04-18 01:31:54.960904+00","2023-10-21 18:00:00+00",U03RWMNBX5E,D03SX9FP2JY,1681781514.180109,96
4165,"2023-04-18 01:31:54.960904+00","2023-10-21 18:00:00+00",U01SZT338G1,D03TJH1AX16,1681781514.185549,96
4166,"2023-04-18 01:31:54.960904+00","2023-10-21 18:00:00+00",U01KYRUSB0U,D03SX9FLH9S,1681781514.223139,96
4167,"2023-04-18 01:31:54.960904+00","2023-10-21 18:00:00+00",U01SM91870S,D03TJH1ALC8,1681781514.306489,96
4168,"2023-04-18 01:31:54.960904+00","2023-10-21 18:00:00+00",U01SM919SEN,D03SN7SARTQ,1681781514.333319,96
4169,"2023-04-18 01:31:54.960904+00","2023-10-21 18:00:00+00",U03SRGCA30U,D03SRKESBQC,1681781514.346379,96
4170,"2023-04-18 01:31:54.960904+00","2023-10-21 18:00:00+00",U01TE4MD5QC,D03SE8U03SB,1681781514.449859,96
4171,"2023-04-18 01:31:54.960904+00","2023-10-21 18:00:00+00",U01SZT342Q1,D03TJH1B1CY,1681781514.448059,96
4172,"2023-04-18 01:31:54.960904+00","2023-10-21 18:00:00+00",U023QL11B2T,D03SUP1421Z,1681781514.527359,96
4173,"2023-04-18 01:31:54.960904+00","2023-10-21 18:00:00+00",U034C9FQW9Y,D03SURTP9GA,1681781514.622299,96
4174,"2023-04-18 01:31:54.960904+00","2023-10-21 18:00:00+00",U04A0H4BJ6M,D04AHNZQAKA,1681781514.640489,96
6066,"2023-07-05 21:50:54.004179+00","2023-08-19 03:30:00+00",U05DC12FZQD,D05FQ1J7DQS,1688593851.120379,131
6070,"2023-07-05 21:50:54.004179+00","2023-08-19 03:30:00+00",U05780K2UMN,D057RLRE4P7,1688593851.323459,131
6071,"2023-07-05 21:50:54.004179+00","2023-08-19 03:30:00+00",U01SZT32XRP,D03SUP13AAX,1688593851.374279,131
6074,"2023-07-05 21:50:54.004179+00","2023-08-19 03:30:00+00",U03GVDXF7U1,D03SE8U159V,1688593851.515219,131
6075,"2023-07-05 21:50:54.004179+00","2023-08-19 03:30:00+00",U02RMDLFZDH,D03TJH1BQ80,1688593851.588999,131
6077,"2023-07-05 21:50:54.004179+00","2023-08-19 03:30:00+00",U03HGEML2BS,D03SURTPZQA,1688593851.636729,131
6080,"2023-07-05 21:50:54.004179+00","2023-08-19 03:30:00+00",U03HGEN0E3S,D03SE8U1E79,1688593851.764339,131
6081,"2023-07-05 21:50:54.004179+00","2023-08-19 03:30:00+00",U05E4Q4J9KR,D05G2L1K40Z,1688593851.838969,131
6083,"2023-07-05 21:50:54.004179+00","2023-08-19 03:30:00+00",U01SZT324NM,D03SE8TV2QP,1688593851.880599,131
6084,"2023-07-05 21:50:54.004179+00","2023-08-19 03:30:00+00",U059APC46HK,D059HTD1CMB,1688593852.011949,131
6085,"2023-07-05 21:50:54.004179+00","2023-08-19 03:30:00+00",U034D39URDY,D03T7F1QS1F,1688593851.992069,131
6086,"2023-07-05 21:50:54.004179+00","2023-08-19 03:30:00+00",U04KS6BVCQJ,D04N77Z9K4L,1688593852.077729,131
6089,"2023-07-05 21:50:54.004179+00","2023-08-19 03:30:00+00",U03AWH4SEUE,D03T7F1QVCZ,1688593852.224339,131
6091,"2023-07-05 21:50:54.004179+00","2023-08-19 03:30:00+00",U01SMF7VDB5,D03T7F1PN81,1688593852.263829,131
6092,"2023-07-05 21:50:54.004179+00","2023-08-19 03:30:00+00",U058P17R890,D05948664PR,1688593852.398929,131
6094,"2023-07-05 21:50:54.004179+00","2023-08-19 03:30:00+00",U01UNRPFUTV,D03TJH1BGFJ,1688593852.385539,131
6095,"2023-07-05 21:50:54.004179+00","2023-08-19 03:30:00+00",U01UKH79NMT,D03SN7SBHGE,1688593852.540709,131
6096,"2023-07-05 21:50:54.004179+00","2023-08-19 03:30:00+00",U01SJ6NKWDB,D03SE8TUSMD,1688593852.550319,131
6097,"2023-07-05 21:50:54.004179+00","2023-08-19 03:30:00+00",U01SZT32DRP,D03SE8TV2P9,1688593852.566839,131
6098,"2023-07-05 21:50:54.004179+00","2023-08-19 03:30:00+00",U03GGQ7P6E7,D03T7F1R4V7,1688593852.654349,131
6099,"2023-07-05 21:50:54.004179+00","2023-08-19 03:30:00+00",U03H6HZ2X96,D03SN7SCHB8,1688593852.730149,131
6100,"2023-07-05 21:50:54.004179+00","2023-08-19 03:30:00+00",U01UKH7AKLM,D03SRT5HEE9,1688593852.773219,131
6101,"2023-07-05 21:50:54.004179+00","2023-08-19 03:30:00+00",U020KPELER3,D03SUP140LT,1688593852.864939,131
6102,"2023-07-05 21:50:54.004179+00","2023-08-19 03:30:00+00",U03LWEFU48J,D03TJH1CMJ4,1688593852.749319,131
6103,"2023-07-05 21:50:54.004179+00","2023-08-19 03:30:00+00",U01UNRPFJMR,D03SURTNY2W,1688593852.883859,131
6104,"2023-07-05 21:50:54.004179+00","2023-08-19 03:30:00+00",U01SZT338G1,D03TJH1AX16,1688593853.001149,131
6105,"2023-07-05 21:50:54.004179+00","2023-08-19 03:30:00+00",U01KYRUSB0U,D03SX9FLH9S,1688593853.003339,131
6106,"2023-07-05 21:50:54.004179+00","2023-08-19 03:30:00+00",U03RWMNBX5E,D03SX9FP2JY,1688593852.988529,131
6107,"2023-07-05 21:50:54.004179+00","2023-08-19 03:30:00+00",U01SM919SEN,D03SN7SARTQ,1688593853.128289,131
6108,"2023-07-05 21:50:54.004179+00","2023-08-19 03:30:00+00",U01SM91870S,D03TJH1ALC8,1688593853.129049,131
6109,"2023-07-05 21:50:54.004179+00","2023-08-19 03:30:00+00",U01SZT342Q1,D03TJH1B1CY,1688593853.137519,131
6110,"2023-07-05 21:50:54.004179+00","2023-08-19 03:30:00+00",U03SRGCA30U,D03SRKESBQC,1688593853.259339,131
6111,"2023-07-05 21:50:54.004179+00","2023-08-19 03:30:00+00",U01TE4MD5QC,D03SE8U03SB,1688593853.263859,131
6112,"2023-07-05 21:50:54.004179+00","2023-08-19 03:30:00+00",U023QL11B2T,D03SUP1421Z,1688593853.296379,131
6113,"2023-07-05 21:50:54.004179+00","2023-08-19 03:30:00+00",U04A0H4BJ6M,D04AHNZQAKA,1688593853.366759,131
6114,"2023-07-05 21:50:54.004179+00","2023-08-19 03:30:00+00",U034C9FQW9Y,D03SURTP9GA,1688593853.389569,131
6115,"2023-07-05 21:50:54.004179+00","2023-08-19 03:30:00+00",U059M5BKR1Q,D05A483PPHV,1688593853.413639,131
6116,"2023-07-05 21:50:54.004179+00","2023-08-19 03:30:00+00",U05DE7N4EE4,D05G2L1MEHX,1688593853.477049,131
6119,"2023-07-05 21:50:54.004179+00","2023-08-19 03:30:00+00",U01TUCWJ60Y,D03SX9FMN5S,1688593853.605669,131
6120,"2023-07-05 21:50:54.004179+00","2023-08-19 03:30:00+00",U01SZT33HJM,D03S8JZQTFZ,1688593853.625809,131
6122,"2023-07-05 21:50:54.004179+00","2023-08-19 03:30:00+00",U05FFMX91DH,D05FPTCTMEF,1688593853.713789,131
5261,"2023-06-01 16:39:39.259015+00","2023-08-08 22:00:00+00",U01UNRPG31R,D03T7F1QG57,1685637575.260989,115
5265,"2023-06-01 16:39:39.259015+00","2023-08-08 22:00:00+00",U03H6HYUN00,D03TJH1CBJL,1685637575.520869,115
5266,"2023-06-01 16:39:39.259015+00","2023-08-08 22:00:00+00",U05780K2UMN,D057RLRE4P7,1685637575.605949,115
5267,"2023-06-01 16:39:39.259015+00","2023-08-08 22:00:00+00",U01L5AXTYQ1,D03SX9FLK5J,1685637575.662769,115
5272,"2023-06-01 16:39:39.259015+00","2023-08-08 22:00:00+00",U01TE4ME25S,D03SURTNQ74,1685637575.912019,115
5276,"2023-06-01 16:39:39.259015+00","2023-08-08 22:00:00+00",U03ALC2DFLJ,D03SE8U0STZ,1685637576.074539,115
5279,"2023-06-01 16:39:39.259015+00","2023-08-08 22:00:00+00",U03K7CRVCEM,D03TJH1CHPS,1685637576.183809,115
5280,"2023-06-01 16:39:39.259015+00","2023-08-08 22:00:00+00",U04N4L42D99,D04NHCZ8EC9,1685637576.323769,115
5281,"2023-06-01 16:39:39.259015+00","2023-08-08 22:00:00+00",U03GGQ7KGRH,D03TJH1C4HW,1685637576.326819,115
5284,"2023-06-01 16:39:39.259015+00","2023-08-08 22:00:00+00",U03GVDXF7U1,D03SE8U159V,1685637576.452099,115
5285,"2023-06-01 16:39:39.259015+00","2023-08-08 22:00:00+00",U02RMDLFZDH,D03TJH1BQ80,1685637576.501569,115
5288,"2023-06-01 16:39:39.259015+00","2023-08-08 22:00:00+00",U03H6HYRY0G,D03T7F1RAQ1,1685637576.690889,115
5289,"2023-06-01 16:39:39.259015+00","2023-08-08 22:00:00+00",U03HGEN0E3S,D03SE8U1E79,1685637576.670889,115
5290,"2023-06-01 16:39:39.259015+00","2023-08-08 22:00:00+00",U034D39URDY,D03T7F1QS1F,1685637576.753069,115
5291,"2023-06-01 16:39:39.259015+00","2023-08-08 22:00:00+00",U01SZT32XRP,D03SUP13AAX,1685637576.812809,115
5293,"2023-06-01 16:39:39.259015+00","2023-08-08 22:00:00+00",U03LJHYF2DT,D03SUP15343,1685637576.869429,115
5295,"2023-06-01 16:39:39.259015+00","2023-08-08 22:00:00+00",U04KS6BVCQJ,D04N77Z9K4L,1685637576.983229,115
5296,"2023-06-01 16:39:39.259015+00","2023-08-08 22:00:00+00",U03AWH4SEUE,D03T7F1QVCZ,1685637576.989699,115
5297,"2023-06-01 16:39:39.259015+00","2023-08-08 22:00:00+00",U043H63UHMK,D044V6B454Y,1685637577.098019,115
5298,"2023-06-01 16:39:39.259015+00","2023-08-08 22:00:00+00",U01UNRPFUTV,D03TJH1BGFJ,1685637577.110929,115
5299,"2023-06-01 16:39:39.259015+00","2023-08-08 22:00:00+00",U01SMF7VDB5,D03T7F1PN81,1685637577.120739,115
5302,"2023-06-01 16:39:39.259015+00","2023-08-08 22:00:00+00",U01UKH79NMT,D03SN7SBHGE,1685637577.247199,115
5303,"2023-06-01 16:39:39.259015+00","2023-08-08 22:00:00+00",U01SZT32DRP,D03SE8TV2P9,1685637577.328799,115
5304,"2023-06-01 16:39:39.259015+00","2023-08-08 22:00:00+00",U03LWEFU48J,D03TJH1CMJ4,1685637577.335199,115
5305,"2023-06-01 16:39:39.259015+00","2023-08-08 22:00:00+00",U01SJ6NKWDB,D03SE8TUSMD,1685637577.385449,115
5306,"2023-06-01 16:39:39.259015+00","2023-08-08 22:00:00+00",U03GGQ7P6E7,D03T7F1R4V7,1685637577.504679,115
5307,"2023-06-01 16:39:39.259015+00","2023-08-08 22:00:00+00",U03H6HZ2X96,D03SN7SCHB8,1685637577.505409,115
5308,"2023-06-01 16:39:39.259015+00","2023-08-08 22:00:00+00",U01UKH7AKLM,D03SRT5HEE9,1685637577.551829,115
5309,"2023-06-01 16:39:39.259015+00","2023-08-08 22:00:00+00",U01UNRPFJMR,D03SURTNY2W,1685637577.612959,115
5310,"2023-06-01 16:39:39.259015+00","2023-08-08 22:00:00+00",U020KPELER3,D03SUP140LT,1685637577.627309,115
5311,"2023-06-01 16:39:39.259015+00","2023-08-08 22:00:00+00",U01KYRUSB0U,D03SX9FLH9S,1685637577.733899,115
5312,"2023-06-01 16:39:39.259015+00","2023-08-08 22:00:00+00",U01SZT338G1,D03TJH1AX16,1685637577.756129,115
5313,"2023-06-01 16:39:39.259015+00","2023-08-08 22:00:00+00",U01SM91870S,D03TJH1ALC8,1685637577.863639,115
5314,"2023-06-01 16:39:39.259015+00","2023-08-08 22:00:00+00",U01SM919SEN,D03SN7SARTQ,1685637577.882739,115
5315,"2023-06-01 16:39:39.259015+00","2023-08-08 22:00:00+00",U01SZT342Q1,D03TJH1B1CY,1685637578.000039,115
5316,"2023-06-01 16:39:39.259015+00","2023-08-08 22:00:00+00",U023QL11B2T,D03SUP1421Z,1685637578.137059,115
5317,"2023-06-01 16:39:39.259015+00","2023-08-08 22:00:00+00",U01TE4MD5QC,D03SE8U03SB,1685637578.257699,115
5318,"2023-06-01 16:39:39.259015+00","2023-08-08 22:00:00+00",U03RWMNBX5E,D03SX9FP2JY,1685637578.399209,115
5319,"2023-06-01 16:39:39.259015+00","2023-08-08 22:00:00+00",U04A0H4BJ6M,D04AHNZQAKA,1685637578.450259,115
5321,"2023-06-01 16:39:39.259015+00","2023-08-08 22:00:00+00",U059M5BKR1Q,D05A483PPHV,1685637578.560239,115
5322,"2023-06-01 16:39:39.259015+00","2023-08-08 22:00:00+00",U03SRGCA30U,D03SRKESBQC,1685637578.582589,115
5323,"2023-06-01 16:39:39.259015+00","2023-08-08 22:00:00+00",U01TUCWJ60Y,D03SX9FMN5S,1685637578.679469,115
5324,"2023-06-01 16:39:39.259015+00","2023-08-08 22:00:00+00",U034C9FQW9Y,D03SURTP9GA,1685637578.692689,115
5326,"2023-06-01 16:39:39.259015+00","2023-08-08 22:00:00+00",U01SZT33HJM,D03S8JZQTFZ,1685637578.811749,115
5827,"2023-06-08 01:21:17.525073+00","2023-08-10 21:00:00+00",U01UNRPG31R,D03T7F1QG57,1686187274.098149,126
5831,"2023-06-08 01:21:17.525073+00","2023-08-10 21:00:00+00",U01L5AXTYQ1,D03SX9FLK5J,1686187274.323849,126
5833,"2023-06-08 01:21:17.525073+00","2023-08-10 21:00:00+00",U055R76EKC1,D057RLRDN69,1686187274.338169,126
5835,"2023-06-08 01:21:17.525073+00","2023-08-10 21:00:00+00",U03H6HYUN00,D03TJH1CBJL,1686187274.451529,126
5836,"2023-06-08 01:21:17.525073+00","2023-08-10 21:00:00+00",U05ALA9V5PD,D05BHKWHJ8K,1686187274.514819,126
5841,"2023-06-08 01:21:17.525073+00","2023-08-10 21:00:00+00",U05780K2UMN,D057RLRE4P7,1686187274.716939,126
5842,"2023-06-08 01:21:17.525073+00","2023-08-10 21:00:00+00",U01TE4ME25S,D03SURTNQ74,1686187274.766569,126
5843,"2023-06-08 01:21:17.525073+00","2023-08-10 21:00:00+00",U0496DYQU48,D049R405GRK,1686187274.822499,126
5846,"2023-06-08 01:21:17.525073+00","2023-08-10 21:00:00+00",U03ALC2DFLJ,D03SE8U0STZ,1686187274.956359,126
5847,"2023-06-08 01:21:17.525073+00","2023-08-10 21:00:00+00",U03K7CRVCEM,D03TJH1CHPS,1686187274.978879,126
5849,"2023-06-08 01:21:17.525073+00","2023-08-10 21:00:00+00",U04N4L42D99,D04NHCZ8EC9,1686187275.103909,126
5850,"2023-06-08 01:21:17.525073+00","2023-08-10 21:00:00+00",U01SZT32XRP,D03SUP13AAX,1686187275.159019,126
5851,"2023-06-08 01:21:17.525073+00","2023-08-10 21:00:00+00",U03H6HYRY0G,D03T7F1RAQ1,1686187275.249429,126
5852,"2023-06-08 01:21:17.525073+00","2023-08-10 21:00:00+00",U03GVDXF7U1,D03SE8U159V,1686187275.311209,126
5853,"2023-06-08 01:21:17.525073+00","2023-08-10 21:00:00+00",U03GGQ7KGRH,D03TJH1C4HW,1686187275.060999,126
5854,"2023-06-08 01:21:17.525073+00","2023-08-10 21:00:00+00",U02RMDLFZDH,D03TJH1BQ80,1686187275.412859,126
5856,"2023-06-08 01:21:17.525073+00","2023-08-10 21:00:00+00",U03HGEN0E3S,D03SE8U1E79,1686187275.488319,126
5859,"2023-06-08 01:21:17.525073+00","2023-08-10 21:00:00+00",U043H63UHMK,D044V6B454Y,1686187275.649119,126
5862,"2023-06-08 01:21:17.525073+00","2023-08-10 21:00:00+00",U03LJHYF2DT,D03SUP15343,1686187275.773939,126
5863,"2023-06-08 01:21:17.525073+00","2023-08-10 21:00:00+00",U059APC46HK,D059HTD1CMB,1686187275.837829,126
5864,"2023-06-08 01:21:17.525073+00","2023-08-10 21:00:00+00",U034D39URDY,D03T7F1QS1F,1686187275.852509,126
5865,"2023-06-08 01:21:17.525073+00","2023-08-10 21:00:00+00",U03AWH4SEUE,D03T7F1QVCZ,1686187275.902739,126
5866,"2023-06-08 01:21:17.525073+00","2023-08-10 21:00:00+00",U04KS6BVCQJ,D04N77Z9K4L,1686187275.956469,126
5868,"2023-06-08 01:21:17.525073+00","2023-08-10 21:00:00+00",U01SMF7VDB5,D03T7F1PN81,1686187276.022809,126
5869,"2023-06-08 01:21:17.525073+00","2023-08-10 21:00:00+00",U01SJ6NKWDB,D03SE8TUSMD,1686187276.082429,126
5870,"2023-06-08 01:21:17.525073+00","2023-08-10 21:00:00+00",U01UKH79NMT,D03SN7SBHGE,1686187276.118339,126
5871,"2023-06-08 01:21:17.525073+00","2023-08-10 21:00:00+00",U01UNRPFUTV,D03TJH1BGFJ,1686187276.137729,126
5872,"2023-06-08 01:21:17.525073+00","2023-08-10 21:00:00+00",U01SZT32DRP,D03SE8TV2P9,1686187276.241909,126
5873,"2023-06-08 01:21:17.525073+00","2023-08-10 21:00:00+00",U03GGQ7P6E7,D03T7F1R4V7,1686187276.301989,126
5874,"2023-06-08 01:21:17.525073+00","2023-08-10 21:00:00+00",U03LWEFU48J,D03TJH1CMJ4,1686187276.215299,126
5875,"2023-06-08 01:21:17.525073+00","2023-08-10 21:00:00+00",U03H6HZ2X96,D03SN7SCHB8,1686187276.365829,126
5876,"2023-06-08 01:21:17.525073+00","2023-08-10 21:00:00+00",U020KPELER3,D03SUP140LT,1686187276.425679,126
5877,"2023-06-08 01:21:17.525073+00","2023-08-10 21:00:00+00",U01UKH7AKLM,D03SRT5HEE9,1686187276.467879,126
5878,"2023-06-08 01:21:17.525073+00","2023-08-10 21:00:00+00",U03RWMNBX5E,D03SX9FP2JY,1686187276.492719,126
5879,"2023-06-08 01:21:17.525073+00","2023-08-10 21:00:00+00",U01UNRPFJMR,D03SURTNY2W,1686187276.569459,126
5880,"2023-06-08 01:21:17.525073+00","2023-08-10 21:00:00+00",U01SM91870S,D03TJH1ALC8,1686187276.603539,126
5881,"2023-06-08 01:21:17.525073+00","2023-08-10 21:00:00+00",U01KYRUSB0U,D03SX9FLH9S,1686187276.610279,126
5882,"2023-06-08 01:21:17.525073+00","2023-08-10 21:00:00+00",U01SZT338G1,D03TJH1AX16,1686187276.685529,126
5883,"2023-06-08 01:21:17.525073+00","2023-08-10 21:00:00+00",U01SM919SEN,D03SN7SARTQ,1686187276.742449,126
5884,"2023-06-08 01:21:17.525073+00","2023-08-10 21:00:00+00",U03SRGCA30U,D03SRKESBQC,1686187276.752209,126
5885,"2023-06-08 01:21:17.525073+00","2023-08-10 21:00:00+00",U01SZT342Q1,D03TJH1B1CY,1686187276.822219,126
5886,"2023-06-08 01:21:17.525073+00","2023-08-10 21:00:00+00",U01TE4MD5QC,D03SE8U03SB,1686187276.859149,126
5887,"2023-06-08 01:21:17.525073+00","2023-08-10 21:00:00+00",U023QL11B2T,D03SUP1421Z,1686187276.935379,126
5888,"2023-06-08 01:21:17.525073+00","2023-08-10 21:00:00+00",U04A0H4BJ6M,D04AHNZQAKA,1686187276.932699,126
5889,"2023-06-08 01:21:17.525073+00","2023-08-10 21:00:00+00",U034C9FQW9Y,D03SURTP9GA,1686187276.985189,126
5890,"2023-06-08 01:21:17.525073+00","2023-08-10 21:00:00+00",U059M5BKR1Q,D05A483PPHV,1686187277.049809,126
5891,"2023-06-08 01:21:17.525073+00","2023-08-10 21:00:00+00",U01TUCWJ60Y,D03SX9FMN5S,1686187277.067849,126
5895,"2023-06-08 01:21:17.525073+00","2023-08-10 21:00:00+00",U01SZT33HJM,D03S8JZQTFZ,1686187277.271199,126
5898,"2023-06-08 01:22:09.554096+00","2023-08-17 21:00:00+00",U01UNRPG31R,D03T7F1QG57,1686187326.166689,127
5902,"2023-06-08 01:22:09.554096+00","2023-08-17 21:00:00+00",U01L5AXTYQ1,D03SX9FLK5J,1686187326.333729,127
5903,"2023-06-08 01:22:09.554096+00","2023-08-17 21:00:00+00",U055R76EKC1,D057RLRDN69,1686187326.448269,127
5906,"2023-06-08 01:22:09.554096+00","2023-08-17 21:00:00+00",U05ALA9V5PD,D05BHKWHJ8K,1686187326.562509,127
5907,"2023-06-08 01:22:09.554096+00","2023-08-17 21:00:00+00",U01LR5KNQ5S,D03TJH1AAV6,1686187326.608679,127
5908,"2023-06-08 01:22:09.554096+00","2023-08-17 21:00:00+00",U03H6HYUN00,D03TJH1CBJL,1686187326.607039,127
5909,"2023-06-08 01:22:09.554096+00","2023-08-17 21:00:00+00",U01SEFGLD8W,D03SE8TUSCF,1686187326.721509,127
5912,"2023-06-08 01:22:09.554096+00","2023-08-17 21:00:00+00",U01TE4ME25S,D03SURTNQ74,1686187326.880529,127
5913,"2023-06-08 01:22:09.554096+00","2023-08-17 21:00:00+00",U05780K2UMN,D057RLRE4P7,1686187326.887799,127
5914,"2023-06-08 01:22:09.554096+00","2023-08-17 21:00:00+00",U0496DYQU48,D049R405GRK,1686187326.926969,127
5915,"2023-06-08 01:22:09.554096+00","2023-08-17 21:00:00+00",U01SZT32PLZ,D03SN7SB0CW,1686187327.009229,127
5917,"2023-06-08 01:22:09.554096+00","2023-08-17 21:00:00+00",U03ALC2DFLJ,D03SE8U0STZ,1686187327.048709,127
5918,"2023-06-08 01:22:09.554096+00","2023-08-17 21:00:00+00",U01LJTR8EBC,D03SURTMPUJ,1686187327.153439,127
5919,"2023-06-08 01:22:09.554096+00","2023-08-17 21:00:00+00",U03K7CRVCEM,D03TJH1CHPS,1686187327.155269,127
5920,"2023-06-08 01:22:09.554096+00","2023-08-17 21:00:00+00",U03GGQ7KGRH,D03TJH1C4HW,1686187327.179789,127
5921,"2023-06-08 01:22:09.554096+00","2023-08-17 21:00:00+00",U01SZT32XRP,D03SUP13AAX,1686187327.280089,127
5922,"2023-06-08 01:22:09.554096+00","2023-08-17 21:00:00+00",U04N4L42D99,D04NHCZ8EC9,1686187327.286019,127
5923,"2023-06-08 01:22:09.554096+00","2023-08-17 21:00:00+00",U03H6HYRY0G,D03T7F1RAQ1,1686187327.299039,127
5924,"2023-06-08 01:22:09.554096+00","2023-08-17 21:00:00+00",U03HGEML2BS,D03SURTPZQA,1686187327.423889,127
5925,"2023-06-08 01:22:09.554096+00","2023-08-17 21:00:00+00",U02RMDLFZDH,D03TJH1BQ80,1686187327.427549,127
5926,"2023-06-08 01:22:09.554096+00","2023-08-17 21:00:00+00",U03GVDXF7U1,D03SE8U159V,1686187327.434939,127
5927,"2023-06-08 01:22:09.554096+00","2023-08-17 21:00:00+00",U03HGEN0E3S,D03SE8U1E79,1686187327.541629,127
5930,"2023-06-08 01:22:09.554096+00","2023-08-17 21:00:00+00",U043H63UHMK,D044V6B454Y,1686187327.662929,127
5933,"2023-06-08 01:22:09.554096+00","2023-08-17 21:00:00+00",U059APC46HK,D059HTD1CMB,1686187327.783829,127
5934,"2023-06-08 01:22:09.554096+00","2023-08-17 21:00:00+00",U03LJHYF2DT,D03SUP15343,1686187327.792839,127
5935,"2023-06-08 01:22:09.554096+00","2023-08-17 21:00:00+00",U034D39URDY,D03T7F1QS1F,1686187327.819969,127
5936,"2023-06-08 01:22:09.554096+00","2023-08-17 21:00:00+00",U04KS6BVCQJ,D04N77Z9K4L,1686187327.907909,127
5937,"2023-06-08 01:22:09.554096+00","2023-08-17 21:00:00+00",U03AWH4SEUE,D03T7F1QVCZ,1686187327.943539,127
5938,"2023-06-08 01:22:09.554096+00","2023-08-17 21:00:00+00",U01TB35CASU,D03SE8U014P,1686187327.971139,127
5939,"2023-06-08 01:22:09.554096+00","2023-08-17 21:00:00+00",U01SMF7VDB5,D03T7F1PN81,1686187328.056759,127
5940,"2023-06-08 01:22:09.554096+00","2023-08-17 21:00:00+00",U01UKH79NMT,D03SN7SBHGE,1686187328.063179,127
5941,"2023-06-08 01:22:09.554096+00","2023-08-17 21:00:00+00",U01UNRPFUTV,D03TJH1BGFJ,1686187328.124689,127
5942,"2023-06-08 01:22:09.554096+00","2023-08-17 21:00:00+00",U03LWEFU48J,D03TJH1CMJ4,1686187328.173279,127
5943,"2023-06-08 01:22:09.554096+00","2023-08-17 21:00:00+00",U01SZT32DRP,D03SE8TV2P9,1686187328.201039,127
5944,"2023-06-08 01:22:09.554096+00","2023-08-17 21:00:00+00",U03H6HZ2X96,D03SN7SCHB8,1686187328.315609,127
5945,"2023-06-08 01:22:09.554096+00","2023-08-17 21:00:00+00",U03GGQ7P6E7,D03T7F1R4V7,1686187328.341439,127
5946,"2023-06-08 01:22:09.554096+00","2023-08-17 21:00:00+00",U01SJ6NKWDB,D03SE8TUSMD,1686187328.328219,127
5947,"2023-06-08 01:22:09.554096+00","2023-08-17 21:00:00+00",U01UKH7AKLM,D03SRT5HEE9,1686187328.439169,127
5948,"2023-06-08 01:22:09.554096+00","2023-08-17 21:00:00+00",U020KPELER3,D03SUP140LT,1686187328.492149,127
5949,"2023-06-08 01:22:09.554096+00","2023-08-17 21:00:00+00",U01UNRPFJMR,D03SURTNY2W,1686187328.507329,127
5950,"2023-06-08 01:22:09.554096+00","2023-08-17 21:00:00+00",U03RWMNBX5E,D03SX9FP2JY,1686187328.592869,127
5951,"2023-06-08 01:22:09.554096+00","2023-08-17 21:00:00+00",U01SZT338G1,D03TJH1AX16,1686187328.605519,127
5952,"2023-06-08 01:22:09.554096+00","2023-08-17 21:00:00+00",U01KYRUSB0U,D03SX9FLH9S,1686187328.674109,127
5953,"2023-06-08 01:22:09.554096+00","2023-08-17 21:00:00+00",U01SM91870S,D03TJH1ALC8,1686187328.720809,127
5954,"2023-06-08 01:22:09.554096+00","2023-08-17 21:00:00+00",U03SRGCA30U,D03SRKESBQC,1686187328.768589,127
5955,"2023-06-08 01:22:09.554096+00","2023-08-17 21:00:00+00",U01SZT342Q1,D03TJH1B1CY,1686187328.802229,127
5956,"2023-06-08 01:22:09.554096+00","2023-08-17 21:00:00+00",U01SM919SEN,D03SN7SARTQ,1686187328.860269,127
5957,"2023-06-08 01:22:09.554096+00","2023-08-17 21:00:00+00",U01TE4MD5QC,D03SE8U03SB,1686187328.916409,127
5958,"2023-06-08 01:22:09.554096+00","2023-08-17 21:00:00+00",U023QL11B2T,D03SUP1421Z,1686187328.966639,127
5959,"2023-06-08 01:22:09.554096+00","2023-08-17 21:00:00+00",U04A0H4BJ6M,D04AHNZQAKA,1686187328.980819,127
5960,"2023-06-08 01:22:09.554096+00","2023-08-17 21:00:00+00",U034C9FQW9Y,D03SURTP9GA,1686187329.033299,127
5961,"2023-06-08 01:22:09.554096+00","2023-08-17 21:00:00+00",U01SZT33HJM,D03S8JZQTFZ,1686187329.115569,127
5962,"2023-06-08 01:22:09.554096+00","2023-08-17 21:00:00+00",U059M5BKR1Q,D05A483PPHV,1686187329.115739,127
5963,"2023-06-08 01:22:09.554096+00","2023-08-17 21:00:00+00",U01TUCWJ60Y,D03SX9FMN5S,1686187329.167369,127